geo,category,target_month,actual,recorded_on,data_slug
AL,G47,2026-03-01,130.2,2026-08-02,aug-2026
AL,G47,2026-04-01,120.3,2026-08-02,aug-2026
AL,G47,2026-05-01,122.4,2026-08-02,aug-2026
AL,G474,2026-03-01,118.3,2026-08-02,aug-2026
AL,G475,2026-03-01,123.2,2026-08-02,aug-2026
AL,G476,2026-03-01,104,2026-08-02,aug-2026
AL,G47_FOOD,2026-03-01,127.5,2026-08-02,aug-2026
AL,G47_FOOD,2026-04-01,116.2,2026-08-02,aug-2026
AL,G47_FOOD,2026-05-01,119.5,2026-08-02,aug-2026
AL,G47_NFOOD_X_G473,2026-03-01,129.2,2026-08-02,aug-2026
AL,G47_NFOOD_X_G473,2026-04-01,118,2026-08-02,aug-2026
AL,G47_NFOOD_X_G473,2026-05-01,120.6,2026-08-02,aug-2026
AT,G474,2026-04-01,101.7,2026-08-02,aug-2026
AT,G474,2026-05-01,98.4,2026-08-02,aug-2026
AT,G475,2026-04-01,78.7,2026-08-02,aug-2026
AT,G475,2026-05-01,79.7,2026-08-02,aug-2026
AT,G476,2026-04-01,101.7,2026-08-02,aug-2026
AT,G476,2026-05-01,100.4,2026-08-02,aug-2026
AT,G477,2026-04-01,103.9,2026-08-02,aug-2026
AT,G477,2026-05-01,106.3,2026-08-02,aug-2026
AT,G479,2026-04-01,84.6,2026-08-02,aug-2026
AT,G479,2026-05-01,86.2,2026-08-02,aug-2026
AT,G47_FOOD,2026-04-01,99,2026-08-02,aug-2026
AT,G47_FOOD,2026-05-01,100.2,2026-08-02,aug-2026
AT,G47_NFOOD_X_G473,2026-04-01,96.3,2026-08-02,aug-2026
AT,G47_NFOOD_X_G473,2026-05-01,97.1,2026-08-02,aug-2026
BE,G47,2026-04-01,93.4,2026-08-02,aug-2026
BE,G47,2026-05-01,92.7,2026-08-02,aug-2026
BE,G47,2026-06-01,93.4,2026-08-02,aug-2026
BE,G474,2026-04-01,137.6,2026-08-02,aug-2026
BE,G474,2026-05-01,137.7,2026-08-02,aug-2026
BE,G474,2026-06-01,138.4,2026-08-02,aug-2026
BE,G475,2026-04-01,85.5,2026-08-02,aug-2026
BE,G475,2026-05-01,85.8,2026-08-02,aug-2026
BE,G475,2026-06-01,88.6,2026-08-02,aug-2026
BE,G476,2026-04-01,89.5,2026-08-02,aug-2026
BE,G476,2026-05-01,93.3,2026-08-02,aug-2026
BE,G476,2026-06-01,92.3,2026-08-02,aug-2026
BE,G477,2026-04-01,99.7,2026-08-02,aug-2026
BE,G477,2026-05-01,97.4,2026-08-02,aug-2026
BE,G477,2026-06-01,98,2026-08-02,aug-2026
BE,G479,2026-04-01,111.2,2026-08-02,aug-2026
BE,G479,2026-05-01,114.2,2026-08-02,aug-2026
BE,G479,2026-06-01,119.1,2026-08-02,aug-2026
BE,G47_FOOD,2026-04-01,87.8,2026-08-02,aug-2026
BE,G47_FOOD,2026-05-01,89.5,2026-08-02,aug-2026
BE,G47_FOOD,2026-06-01,88.4,2026-08-02,aug-2026
BE,G47_NFOOD_X_G473,2026-04-01,98.7,2026-08-02,aug-2026
BE,G47_NFOOD_X_G473,2026-05-01,97.2,2026-08-02,aug-2026
BE,G47_NFOOD_X_G473,2026-06-01,98.7,2026-08-02,aug-2026
BG,G47,2026-04-01,127.6,2026-08-02,aug-2026
BG,G47,2026-05-01,128.5,2026-08-02,aug-2026
BG,G47,2026-06-01,129.1,2026-08-02,aug-2026
BG,G47_FOOD,2026-04-01,108.9,2026-08-02,aug-2026
BG,G47_FOOD,2026-05-01,110.1,2026-08-02,aug-2026
BG,G47_FOOD,2026-06-01,110,2026-08-02,aug-2026
BG,G47_NFOOD_X_G473,2026-04-01,138.9,2026-08-02,aug-2026
BG,G47_NFOOD_X_G473,2026-05-01,139.6,2026-08-02,aug-2026
BG,G47_NFOOD_X_G473,2026-06-01,141.6,2026-08-02,aug-2026
CH,G47,2026-04-01,101.7,2026-08-02,aug-2026
CH,G47,2026-05-01,102.6,2026-08-02,aug-2026
CH,G47,2026-06-01,102.7,2026-08-02,aug-2026
CH,G474,2026-04-01,144.3,2026-08-02,aug-2026
CH,G474,2026-05-01,147.5,2026-08-02,aug-2026
CH,G474,2026-06-01,155.5,2026-08-02,aug-2026
CH,G475,2026-04-01,90.6,2026-08-02,aug-2026
CH,G475,2026-05-01,89.4,2026-08-02,aug-2026
CH,G475,2026-06-01,90.5,2026-08-02,aug-2026
CH,G476,2026-04-01,104,2026-08-02,aug-2026
CH,G476,2026-05-01,103.3,2026-08-02,aug-2026
CH,G476,2026-06-01,105.3,2026-08-02,aug-2026
CH,G477,2026-04-01,108.7,2026-08-02,aug-2026
CH,G477,2026-05-01,113.2,2026-08-02,aug-2026
CH,G477,2026-06-01,111,2026-08-02,aug-2026
CH,G47_FOOD,2026-04-01,95.2,2026-08-02,aug-2026
CH,G47_FOOD,2026-05-01,95.3,2026-08-02,aug-2026
CH,G47_FOOD,2026-06-01,96.3,2026-08-02,aug-2026
CH,G47_NFOOD_X_G473,2026-04-01,106.4,2026-08-02,aug-2026
CH,G47_NFOOD_X_G473,2026-05-01,107.9,2026-08-02,aug-2026
CH,G47_NFOOD_X_G473,2026-06-01,107.7,2026-08-02,aug-2026
CY,G47,2026-04-01,127.9,2026-08-02,aug-2026
CY,G47,2026-05-01,132.6,2026-08-02,aug-2026
CY,G47,2026-06-01,131.3,2026-08-02,aug-2026
CY,G47_FOOD,2026-04-01,121.5,2026-08-02,aug-2026
CY,G47_FOOD,2026-05-01,126.9,2026-08-02,aug-2026
CY,G47_FOOD,2026-06-01,124,2026-08-02,aug-2026
CY,G47_NFOOD_X_G473,2026-04-01,139.7,2026-08-02,aug-2026
CY,G47_NFOOD_X_G473,2026-05-01,144.7,2026-08-02,aug-2026
CY,G47_NFOOD_X_G473,2026-06-01,145.5,2026-08-02,aug-2026
CZ,G47,2026-03-01,103.1,2026-08-02,aug-2026
CZ,G47,2026-04-01,101.9,2026-08-02,aug-2026
CZ,G47,2026-05-01,103.2,2026-08-02,aug-2026
CZ,G474,2026-03-01,88.6,2026-08-02,aug-2026
CZ,G474,2026-04-01,88.6,2026-08-02,aug-2026
CZ,G474,2026-05-01,87.1,2026-08-02,aug-2026
CZ,G475,2026-03-01,85.2,2026-08-02,aug-2026
CZ,G475,2026-04-01,86.2,2026-08-02,aug-2026
CZ,G475,2026-05-01,86.7,2026-08-02,aug-2026
CZ,G476,2026-03-01,98.8,2026-08-02,aug-2026
CZ,G476,2026-04-01,98.9,2026-08-02,aug-2026
CZ,G476,2026-05-01,100.4,2026-08-02,aug-2026
CZ,G477,2026-03-01,107.7,2026-08-02,aug-2026
CZ,G477,2026-04-01,108,2026-08-02,aug-2026
CZ,G477,2026-05-01,110,2026-08-02,aug-2026
CZ,G479,2026-03-01,121.2,2026-08-02,aug-2026
CZ,G479,2026-04-01,120.8,2026-08-02,aug-2026
CZ,G479,2026-05-01,122.6,2026-08-02,aug-2026
CZ,G47_FOOD,2026-03-01,95.2,2026-08-02,aug-2026
CZ,G47_FOOD,2026-04-01,93.1,2026-08-02,aug-2026
CZ,G47_FOOD,2026-05-01,94,2026-08-02,aug-2026
CZ,G47_NFOOD_X_G473,2026-03-01,105.9,2026-08-02,aug-2026
CZ,G47_NFOOD_X_G473,2026-04-01,106.1,2026-08-02,aug-2026
CZ,G47_NFOOD_X_G473,2026-05-01,107.5,2026-08-02,aug-2026
DE,G47,2026-04-01,100.9,2026-08-02,aug-2026
DE,G47,2026-05-01,101.9,2026-08-02,aug-2026
DE,G474,2026-04-01,124.9,2026-08-02,aug-2026
DE,G474,2026-05-01,117.1,2026-08-02,aug-2026
DE,G475,2026-04-01,88,2026-08-02,aug-2026
DE,G475,2026-05-01,87.6,2026-08-02,aug-2026
DE,G476,2026-04-01,99.7,2026-08-02,aug-2026
DE,G476,2026-05-01,97.3,2026-08-02,aug-2026
DE,G477,2026-04-01,110.6,2026-08-02,aug-2026
DE,G477,2026-05-01,111.2,2026-08-02,aug-2026
DE,G479,2026-04-01,108.9,2026-08-02,aug-2026
DE,G479,2026-05-01,112.2,2026-08-02,aug-2026
DE,G47_FOOD,2026-04-01,94.8,2026-08-02,aug-2026
DE,G47_FOOD,2026-05-01,95.9,2026-08-02,aug-2026
DE,G47_NFOOD_X_G473,2026-04-01,105.7,2026-08-02,aug-2026
DE,G47_NFOOD_X_G473,2026-05-01,106.4,2026-08-02,aug-2026
DK,G47,2026-04-01,97.4,2026-08-02,aug-2026
DK,G47,2026-05-01,100.6,2026-08-02,aug-2026
DK,G47,2026-06-01,100.6,2026-08-02,aug-2026
DK,G474,2026-04-01,138.2,2026-08-02,aug-2026
DK,G474,2026-05-01,136.1,2026-08-02,aug-2026
DK,G474,2026-06-01,149,2026-08-02,aug-2026
DK,G475,2026-04-01,103.5,2026-08-02,aug-2026
DK,G475,2026-05-01,103.8,2026-08-02,aug-2026
DK,G475,2026-06-01,110.6,2026-08-02,aug-2026
DK,G476,2026-04-01,120.8,2026-08-02,aug-2026
DK,G476,2026-05-01,121.7,2026-08-02,aug-2026
DK,G476,2026-06-01,120.8,2026-08-02,aug-2026
DK,G477,2026-04-01,116,2026-08-02,aug-2026
DK,G477,2026-05-01,118.9,2026-08-02,aug-2026
DK,G477,2026-06-01,117,2026-08-02,aug-2026
DK,G479,2026-04-01,107,2026-08-02,aug-2026
DK,G479,2026-05-01,110.6,2026-08-02,aug-2026
DK,G479,2026-06-01,110.7,2026-08-02,aug-2026
DK,G47_FOOD,2026-04-01,87.4,2026-08-02,aug-2026
DK,G47_FOOD,2026-05-01,90.8,2026-08-02,aug-2026
DK,G47_FOOD,2026-06-01,89.7,2026-08-02,aug-2026
DK,G47_NFOOD_X_G473,2026-04-01,109.6,2026-08-02,aug-2026
DK,G47_NFOOD_X_G473,2026-05-01,112.3,2026-08-02,aug-2026
DK,G47_NFOOD_X_G473,2026-06-01,113,2026-08-02,aug-2026
EA21,G474,2026-04-01,126.2,2026-08-02,aug-2026
EA21,G474,2026-05-01,125.6,2026-08-02,aug-2026
EA21,G475,2026-04-01,91.5,2026-08-02,aug-2026
EA21,G475,2026-05-01,92,2026-08-02,aug-2026
EA21,G476,2026-04-01,107.9,2026-08-02,aug-2026
EA21,G476,2026-05-01,109.4,2026-08-02,aug-2026
EA21,G477,2026-04-01,113.8,2026-08-02,aug-2026
EA21,G477,2026-05-01,114.5,2026-08-02,aug-2026
EA21,G479,2026-04-01,108.4,2026-08-02,aug-2026
EA21,G479,2026-05-01,110.9,2026-08-02,aug-2026
EA21,G47_FOOD,2026-04-01,98.5,2026-08-02,aug-2026
EA21,G47_FOOD,2026-05-01,99.1,2026-08-02,aug-2026
EA21,G47_NFOOD_X_G473,2026-04-01,109.5,2026-08-02,aug-2026
EA21,G47_NFOOD_X_G473,2026-05-01,109.6,2026-08-02,aug-2026
EE,G47,2026-04-01,95.5,2026-08-02,aug-2026
EE,G47,2026-05-01,93.3,2026-08-02,aug-2026
EE,G47,2026-06-01,94.1,2026-08-02,aug-2026
EE,G47_FOOD,2026-04-01,86.1,2026-08-02,aug-2026
EE,G47_FOOD,2026-05-01,86.1,2026-08-02,aug-2026
EE,G47_FOOD,2026-06-01,86.6,2026-08-02,aug-2026
EE,G47_NFOOD_X_G473,2026-04-01,94.7,2026-08-02,aug-2026
EE,G47_NFOOD_X_G473,2026-05-01,88.3,2026-08-02,aug-2026
EE,G47_NFOOD_X_G473,2026-06-01,91.7,2026-08-02,aug-2026
EL,G47,2026-03-01,103.3,2026-08-02,aug-2026
EL,G47,2026-04-01,101.8,2026-08-02,aug-2026
EL,G47,2026-05-01,105.2,2026-08-02,aug-2026
EL,G479,2026-03-01,90.1,2026-08-02,aug-2026
EL,G479,2026-04-01,82.8,2026-08-02,aug-2026
EL,G479,2026-05-01,91.6,2026-08-02,aug-2026
EL,G47_FOOD,2026-03-01,103.2,2026-08-02,aug-2026
EL,G47_FOOD,2026-04-01,104.5,2026-08-02,aug-2026
EL,G47_FOOD,2026-05-01,109,2026-08-02,aug-2026
EL,G47_NFOOD_X_G473,2026-03-01,114,2026-08-02,aug-2026
EL,G47_NFOOD_X_G473,2026-04-01,112.6,2026-08-02,aug-2026
EL,G47_NFOOD_X_G473,2026-05-01,115.5,2026-08-02,aug-2026
ES,G47,2026-04-01,111.6,2026-08-02,aug-2026
ES,G47,2026-05-01,112.3,2026-08-02,aug-2026
ES,G47,2026-06-01,112.6,2026-08-02,aug-2026
ES,G474,2026-04-01,177.7,2026-08-02,aug-2026
ES,G474,2026-05-01,179.9,2026-08-02,aug-2026
ES,G474,2026-06-01,180.1,2026-08-02,aug-2026
ES,G475,2026-04-01,111.7,2026-08-02,aug-2026
ES,G475,2026-05-01,112,2026-08-02,aug-2026
ES,G475,2026-06-01,112.1,2026-08-02,aug-2026
ES,G476,2026-04-01,126.3,2026-08-02,aug-2026
ES,G476,2026-05-01,128.1,2026-08-02,aug-2026
ES,G476,2026-06-01,127.7,2026-08-02,aug-2026
ES,G477,2026-04-01,121.7,2026-08-02,aug-2026
ES,G477,2026-05-01,122.4,2026-08-02,aug-2026
ES,G477,2026-06-01,122.7,2026-08-02,aug-2026
ES,G479,2026-04-01,116.2,2026-08-02,aug-2026
ES,G479,2026-05-01,117.9,2026-08-02,aug-2026
ES,G479,2026-06-01,119,2026-08-02,aug-2026
ES,G47_FOOD,2026-04-01,106.4,2026-08-02,aug-2026
ES,G47_FOOD,2026-05-01,106.5,2026-08-02,aug-2026
ES,G47_FOOD,2026-06-01,106.5,2026-08-02,aug-2026
ES,G47_NFOOD_X_G473,2026-04-01,122,2026-08-02,aug-2026
ES,G47_NFOOD_X_G473,2026-05-01,123.7,2026-08-02,aug-2026
ES,G47_NFOOD_X_G473,2026-06-01,123.9,2026-08-02,aug-2026
FI,G47,2026-04-01,94.9,2026-08-02,aug-2026
FI,G47,2026-05-01,95.2,2026-08-02,aug-2026
FI,G47,2026-06-01,93.8,2026-08-02,aug-2026
FI,G474,2026-04-01,81.9,2026-08-02,aug-2026
FI,G474,2026-05-01,85.1,2026-08-02,aug-2026
FI,G474,2026-06-01,85.1,2026-08-02,aug-2026
FI,G475,2026-04-01,75.6,2026-08-02,aug-2026
FI,G475,2026-05-01,74.8,2026-08-02,aug-2026
FI,G475,2026-06-01,74.8,2026-08-02,aug-2026
FI,G476,2026-04-01,76.5,2026-08-02,aug-2026
FI,G476,2026-05-01,76.2,2026-08-02,aug-2026
FI,G476,2026-06-01,76.1,2026-08-02,aug-2026
FI,G477,2026-04-01,114.8,2026-08-02,aug-2026
FI,G477,2026-05-01,116.4,2026-08-02,aug-2026
FI,G477,2026-06-01,116.5,2026-08-02,aug-2026
FI,G479,2026-04-01,105.5,2026-08-02,aug-2026
FI,G479,2026-05-01,109.6,2026-08-02,aug-2026
FI,G479,2026-06-01,106.7,2026-08-02,aug-2026
FI,G47_FOOD,2026-04-01,94.9,2026-08-02,aug-2026
FI,G47_FOOD,2026-05-01,95.7,2026-08-02,aug-2026
FI,G47_FOOD,2026-06-01,93.2,2026-08-02,aug-2026
FI,G47_NFOOD_X_G473,2026-04-01,94.7,2026-08-02,aug-2026
FI,G47_NFOOD_X_G473,2026-05-01,94.8,2026-08-02,aug-2026
FI,G47_NFOOD_X_G473,2026-06-01,94.4,2026-08-02,aug-2026
FR,G47,2026-04-01,108.3,2026-08-02,aug-2026
FR,G47,2026-05-01,108.2,2026-08-02,aug-2026
FR,G47,2026-06-01,107.7,2026-08-02,aug-2026
FR,G474,2026-04-01,127.7,2026-08-02,aug-2026
FR,G474,2026-05-01,131.4,2026-08-02,aug-2026
FR,G475,2026-04-01,84.6,2026-08-02,aug-2026
FR,G475,2026-05-01,84.5,2026-08-02,aug-2026
FR,G476,2026-04-01,110.9,2026-08-02,aug-2026
FR,G476,2026-05-01,111.3,2026-08-02,aug-2026
FR,G477,2026-04-01,127.2,2026-08-02,aug-2026
FR,G477,2026-05-01,127.3,2026-08-02,aug-2026
FR,G479,2026-04-01,106.6,2026-08-02,aug-2026
FR,G479,2026-05-01,108.5,2026-08-02,aug-2026
FR,G47_FOOD,2026-04-01,104.1,2026-08-02,aug-2026
FR,G47_FOOD,2026-05-01,103.5,2026-08-02,aug-2026
FR,G47_FOOD,2026-06-01,103.3,2026-08-02,aug-2026
FR,G47_NFOOD_X_G473,2026-04-01,114,2026-08-02,aug-2026
FR,G47_NFOOD_X_G473,2026-05-01,114.7,2026-08-02,aug-2026
FR,G47_NFOOD_X_G473,2026-06-01,113.4,2026-08-02,aug-2026
HR,G47,2026-04-01,118.7,2026-08-02,aug-2026
HR,G47,2026-05-01,116.3,2026-08-02,aug-2026
HR,G47,2026-06-01,118.1,2026-08-02,aug-2026
HR,G47_FOOD,2026-04-01,111.4,2026-08-02,aug-2026
HR,G47_FOOD,2026-05-01,107.3,2026-08-02,aug-2026
HR,G47_FOOD,2026-06-01,110,2026-08-02,aug-2026
HR,G47_NFOOD_X_G473,2026-04-01,128.4,2026-08-02,aug-2026
HR,G47_NFOOD_X_G473,2026-05-01,124.5,2026-08-02,aug-2026
HR,G47_NFOOD_X_G473,2026-06-01,128.1,2026-08-02,aug-2026
HU,G47,2026-04-01,106,2026-08-02,aug-2026
HU,G47,2026-05-01,106.8,2026-08-02,aug-2026
HU,G47_FOOD,2026-04-01,102.5,2026-08-02,aug-2026
HU,G47_FOOD,2026-05-01,102.1,2026-08-02,aug-2026
HU,G47_NFOOD_X_G473,2026-04-01,110.4,2026-08-02,aug-2026
HU,G47_NFOOD_X_G473,2026-05-01,112.9,2026-08-02,aug-2026
IE,G47,2026-04-01,110.6,2026-08-02,aug-2026
IE,G47,2026-05-01,111.2,2026-08-02,aug-2026
IE,G47,2026-06-01,111.6,2026-08-02,aug-2026
IE,G47_FOOD,2026-04-01,95.8,2026-08-02,aug-2026
IE,G47_FOOD,2026-05-01,95.8,2026-08-02,aug-2026
IE,G47_FOOD,2026-06-01,96.7,2026-08-02,aug-2026
IE,G47_NFOOD_X_G473,2026-04-01,120.2,2026-08-02,aug-2026
IE,G47_NFOOD_X_G473,2026-05-01,121.7,2026-08-02,aug-2026
IE,G47_NFOOD_X_G473,2026-06-01,121.7,2026-08-02,aug-2026
IT,G47,2026-04-01,98.3,2026-08-02,aug-2026
IT,G47,2026-05-01,98,2026-08-02,aug-2026
IT,G474,2026-04-01,136.7,2026-08-02,aug-2026
IT,G474,2026-05-01,136.9,2026-08-02,aug-2026
IT,G475,2026-04-01,93.1,2026-08-02,aug-2026
IT,G475,2026-05-01,92.9,2026-08-02,aug-2026
IT,G476,2026-04-01,97.2,2026-08-02,aug-2026
IT,G476,2026-05-01,97.5,2026-08-02,aug-2026
IT,G477,2026-04-01,95.7,2026-08-02,aug-2026
IT,G477,2026-05-01,95.6,2026-08-02,aug-2026
IT,G479,2026-04-01,107.8,2026-08-02,aug-2026
IT,G479,2026-05-01,108.6,2026-08-02,aug-2026
IT,G47_FOOD,2026-04-01,92.8,2026-08-02,aug-2026
IT,G47_FOOD,2026-05-01,92.9,2026-08-02,aug-2026
IT,G47_NFOOD_X_G473,2026-04-01,98.8,2026-08-02,aug-2026
IT,G47_NFOOD_X_G473,2026-05-01,98.9,2026-08-02,aug-2026
LT,G47,2026-04-01,115,2026-08-02,aug-2026
LT,G47,2026-05-01,113.9,2026-08-02,aug-2026
LT,G47,2026-06-01,114.2,2026-08-02,aug-2026
LT,G474,2026-04-01,78.2,2026-08-02,aug-2026
LT,G474,2026-05-01,77.1,2026-08-02,aug-2026
LT,G475,2026-04-01,123.8,2026-08-02,aug-2026
LT,G475,2026-05-01,121.3,2026-08-02,aug-2026
LT,G476,2026-04-01,104.3,2026-08-02,aug-2026
LT,G476,2026-05-01,100.8,2026-08-02,aug-2026
LT,G477,2026-04-01,138.9,2026-08-02,aug-2026
LT,G477,2026-05-01,138.7,2026-08-02,aug-2026
LT,G479,2026-04-01,173.5,2026-08-02,aug-2026
LT,G479,2026-05-01,168.3,2026-08-02,aug-2026
LT,G47_FOOD,2026-04-01,96.7,2026-08-02,aug-2026
LT,G47_FOOD,2026-05-01,97.6,2026-08-02,aug-2026
LT,G47_FOOD,2026-06-01,98.2,2026-08-02,aug-2026
LT,G47_NFOOD_X_G473,2026-04-01,138,2026-08-02,aug-2026
LT,G47_NFOOD_X_G473,2026-05-01,136,2026-08-02,aug-2026
LT,G47_NFOOD_X_G473,2026-06-01,137.2,2026-08-02,aug-2026
LU,G47,2026-04-01,134.6,2026-08-02,aug-2026
LU,G47,2026-05-01,140.8,2026-08-02,aug-2026
LU,G47,2026-06-01,144.3,2026-08-02,aug-2026
LU,G47_FOOD,2026-04-01,99.5,2026-08-02,aug-2026
LU,G47_FOOD,2026-05-01,103.6,2026-08-02,aug-2026
LU,G47_FOOD,2026-06-01,102.6,2026-08-02,aug-2026
LU,G47_NFOOD_X_G473,2026-04-01,191.9,2026-08-02,aug-2026
LU,G47_NFOOD_X_G473,2026-05-01,194.3,2026-08-02,aug-2026
LU,G47_NFOOD_X_G473,2026-06-01,193.9,2026-08-02,aug-2026
LV,G47,2026-04-01,106.4,2026-08-02,aug-2026
LV,G47,2026-05-01,106.4,2026-08-02,aug-2026
LV,G47,2026-06-01,107.1,2026-08-02,aug-2026
LV,G47_FOOD,2026-04-01,92.6,2026-08-02,aug-2026
LV,G47_FOOD,2026-05-01,92.7,2026-08-02,aug-2026
LV,G47_FOOD,2026-06-01,93.6,2026-08-02,aug-2026
LV,G47_NFOOD_X_G473,2026-04-01,117.5,2026-08-02,aug-2026
LV,G47_NFOOD_X_G473,2026-05-01,118.4,2026-08-02,aug-2026
LV,G47_NFOOD_X_G473,2026-06-01,119,2026-08-02,aug-2026
ME,G47,2026-04-01,141.1,2026-08-02,aug-2026
ME,G47,2026-05-01,141,2026-08-02,aug-2026
ME,G47,2026-06-01,144.2,2026-08-02,aug-2026
ME,G47_FOOD,2026-04-01,123.6,2026-08-02,aug-2026
ME,G47_FOOD,2026-05-01,123.3,2026-08-02,aug-2026
ME,G47_FOOD,2026-06-01,127.4,2026-08-02,aug-2026
ME,G47_NFOOD_X_G473,2026-04-01,163.2,2026-08-02,aug-2026
ME,G47_NFOOD_X_G473,2026-05-01,164,2026-08-02,aug-2026
ME,G47_NFOOD_X_G473,2026-06-01,165.5,2026-08-02,aug-2026
MK,G47,2026-03-01,108.3,2026-08-02,aug-2026
MK,G47,2026-04-01,106,2026-08-02,aug-2026
MK,G47,2026-05-01,110.5,2026-08-02,aug-2026
MK,G47_FOOD,2026-03-01,104.7,2026-08-02,aug-2026
MK,G47_FOOD,2026-04-01,105.6,2026-08-02,aug-2026
MK,G47_FOOD,2026-05-01,102.9,2026-08-02,aug-2026
MK,G47_NFOOD_X_G473,2026-03-01,108.6,2026-08-02,aug-2026
MK,G47_NFOOD_X_G473,2026-04-01,106.4,2026-08-02,aug-2026
MK,G47_NFOOD_X_G473,2026-05-01,106,2026-08-02,aug-2026
MT,G47,2026-04-01,126.9,2026-08-02,aug-2026
MT,G47,2026-05-01,127.8,2026-08-02,aug-2026
MT,G47,2026-06-01,127.8,2026-08-02,aug-2026
MT,G47_FOOD,2026-04-01,124.7,2026-08-02,aug-2026
MT,G47_FOOD,2026-05-01,128,2026-08-02,aug-2026
MT,G47_FOOD,2026-06-01,127.8,2026-08-02,aug-2026
MT,G47_NFOOD_X_G473,2026-04-01,128.7,2026-08-02,aug-2026
MT,G47_NFOOD_X_G473,2026-05-01,129.3,2026-08-02,aug-2026
MT,G47_NFOOD_X_G473,2026-06-01,128.7,2026-08-02,aug-2026
NL,G47,2026-04-01,102.6,2026-08-02,aug-2026
NL,G47,2026-05-01,102.5,2026-08-02,aug-2026
NL,G47,2026-06-01,102.9,2026-08-02,aug-2026
NL,G474,2026-04-01,104.4,2026-08-02,aug-2026
NL,G474,2026-05-01,101.6,2026-08-02,aug-2026
NL,G474,2026-06-01,109.7,2026-08-02,aug-2026
NL,G475,2026-04-01,95.2,2026-08-02,aug-2026
NL,G475,2026-05-01,94.1,2026-08-02,aug-2026
NL,G475,2026-06-01,93.4,2026-08-02,aug-2026
NL,G476,2026-04-01,118.2,2026-08-02,aug-2026
NL,G476,2026-05-01,115.4,2026-08-02,aug-2026
NL,G476,2026-06-01,112,2026-08-02,aug-2026
NL,G477,2026-04-01,115.2,2026-08-02,aug-2026
NL,G477,2026-05-01,114.7,2026-08-02,aug-2026
NL,G477,2026-06-01,114.3,2026-08-02,aug-2026
NL,G479,2026-04-01,117,2026-08-02,aug-2026
NL,G479,2026-05-01,119,2026-08-02,aug-2026
NL,G479,2026-06-01,119.6,2026-08-02,aug-2026
NL,G47_FOOD,2026-04-01,89.2,2026-08-02,aug-2026
NL,G47_FOOD,2026-05-01,89.1,2026-08-02,aug-2026
NL,G47_FOOD,2026-06-01,90,2026-08-02,aug-2026
NL,G47_NFOOD_X_G473,2026-04-01,112.6,2026-08-02,aug-2026
NL,G47_NFOOD_X_G473,2026-05-01,112.6,2026-08-02,aug-2026
NL,G47_NFOOD_X_G473,2026-06-01,112.7,2026-08-02,aug-2026
NO,G47,2026-04-01,96.2,2026-08-02,aug-2026
NO,G47,2026-05-01,93.9,2026-08-02,aug-2026
NO,G47,2026-06-01,95.6,2026-08-02,aug-2026
NO,G474,2026-04-01,116.1,2026-08-02,aug-2026
NO,G474,2026-05-01,110,2026-08-02,aug-2026
NO,G474,2026-06-01,110.1,2026-08-02,aug-2026
NO,G475,2026-04-01,85.7,2026-08-02,aug-2026
NO,G475,2026-05-01,84.6,2026-08-02,aug-2026
NO,G475,2026-06-01,86,2026-08-02,aug-2026
NO,G476,2026-04-01,97,2026-08-02,aug-2026
NO,G476,2026-05-01,90.3,2026-08-02,aug-2026
NO,G476,2026-06-01,93.7,2026-08-02,aug-2026
NO,G477,2026-04-01,124.8,2026-08-02,aug-2026
NO,G477,2026-05-01,121.6,2026-08-02,aug-2026
NO,G477,2026-06-01,120.7,2026-08-02,aug-2026
NO,G479,2026-04-01,119.9,2026-08-02,aug-2026
NO,G479,2026-05-01,120,2026-08-02,aug-2026
NO,G479,2026-06-01,122.3,2026-08-02,aug-2026
NO,G47_FOOD,2026-04-01,90.7,2026-08-02,aug-2026
NO,G47_FOOD,2026-05-01,89.1,2026-08-02,aug-2026
NO,G47_FOOD,2026-06-01,90.2,2026-08-02,aug-2026
NO,G47_NFOOD_X_G473,2026-04-01,106.4,2026-08-02,aug-2026
NO,G47_NFOOD_X_G473,2026-05-01,102.6,2026-08-02,aug-2026
NO,G47_NFOOD_X_G473,2026-06-01,105.1,2026-08-02,aug-2026
PL,G47,2026-04-01,111.2,2026-08-02,aug-2026
PL,G47,2026-05-01,113.9,2026-08-02,aug-2026
PL,G47,2026-06-01,115.5,2026-08-02,aug-2026
PL,G474,2026-04-01,114.8,2026-08-02,aug-2026
PL,G474,2026-05-01,144.5,2026-08-02,aug-2026
PL,G475,2026-04-01,91.4,2026-08-02,aug-2026
PL,G475,2026-05-01,93.2,2026-08-02,aug-2026
PL,G476,2026-04-01,87.3,2026-08-02,aug-2026
PL,G476,2026-05-01,98.4,2026-08-02,aug-2026
PL,G477,2026-04-01,120.9,2026-08-02,aug-2026
PL,G477,2026-05-01,123.3,2026-08-02,aug-2026
PL,G479,2026-04-01,101.2,2026-08-02,aug-2026
PL,G479,2026-05-01,111,2026-08-02,aug-2026
PL,G47_FOOD,2026-04-01,100.2,2026-08-02,aug-2026
PL,G47_FOOD,2026-05-01,99.5,2026-08-02,aug-2026
PL,G47_FOOD,2026-06-01,101.7,2026-08-02,aug-2026
PL,G47_NFOOD_X_G473,2026-04-01,118.1,2026-08-02,aug-2026
PL,G47_NFOOD_X_G473,2026-05-01,121.2,2026-08-02,aug-2026
PL,G47_NFOOD_X_G473,2026-06-01,122.3,2026-08-02,aug-2026
PT,G47,2026-04-01,119.1,2026-08-02,aug-2026
PT,G47,2026-05-01,118.8,2026-08-02,aug-2026
PT,G47,2026-06-01,120.8,2026-08-02,aug-2026
PT,G474,2026-04-01,164.2,2026-08-02,aug-2026
PT,G474,2026-05-01,155.8,2026-08-02,aug-2026
PT,G474,2026-06-01,174.7,2026-08-02,aug-2026
PT,G475,2026-04-01,125.2,2026-08-02,aug-2026
PT,G475,2026-05-01,122.6,2026-08-02,aug-2026
PT,G475,2026-06-01,126.8,2026-08-02,aug-2026
PT,G476,2026-04-01,132.6,2026-08-02,aug-2026
PT,G476,2026-05-01,133.3,2026-08-02,aug-2026
PT,G476,2026-06-01,138.6,2026-08-02,aug-2026
PT,G477,2026-04-01,132.2,2026-08-02,aug-2026
PT,G477,2026-05-01,133.8,2026-08-02,aug-2026
PT,G477,2026-06-01,133.2,2026-08-02,aug-2026
PT,G479,2026-04-01,114.5,2026-08-02,aug-2026
PT,G479,2026-05-01,121,2026-08-02,aug-2026
PT,G479,2026-06-01,122.9,2026-08-02,aug-2026
PT,G47_FOOD,2026-04-01,112.4,2026-08-02,aug-2026
PT,G47_FOOD,2026-05-01,112.8,2026-08-02,aug-2026
PT,G47_FOOD,2026-06-01,112.7,2026-08-02,aug-2026
PT,G47_NFOOD_X_G473,2026-04-01,132,2026-08-02,aug-2026
PT,G47_NFOOD_X_G473,2026-05-01,133,2026-08-02,aug-2026
PT,G47_NFOOD_X_G473,2026-06-01,134.3,2026-08-02,aug-2026
RO,G47,2026-04-01,110.8,2026-08-02,aug-2026
RO,G47,2026-05-01,112.2,2026-08-02,aug-2026
RO,G474,2026-04-01,107.2,2026-08-02,aug-2026
RO,G474,2026-05-01,106.5,2026-08-02,aug-2026
RO,G475,2026-04-01,98.8,2026-08-02,aug-2026
RO,G475,2026-05-01,99.1,2026-08-02,aug-2026
RO,G476,2026-04-01,110.1,2026-08-02,aug-2026
RO,G476,2026-05-01,115.5,2026-08-02,aug-2026
RO,G477,2026-04-01,143.9,2026-08-02,aug-2026
RO,G477,2026-05-01,144.9,2026-08-02,aug-2026
RO,G479,2026-04-01,111.6,2026-08-02,aug-2026
RO,G479,2026-05-01,112.8,2026-08-02,aug-2026
RO,G47_FOOD,2026-04-01,102.4,2026-08-02,aug-2026
RO,G47_FOOD,2026-05-01,104.7,2026-08-02,aug-2026
RO,G47_NFOOD_X_G473,2026-04-01,119.2,2026-08-02,aug-2026
RO,G47_NFOOD_X_G473,2026-05-01,121.9,2026-08-02,aug-2026
RS,G47,2026-04-01,118.7,2026-08-02,aug-2026
RS,G47,2026-05-01,121.1,2026-08-02,aug-2026
RS,G47,2026-06-01,119.2,2026-08-02,aug-2026
RS,G47_FOOD,2026-04-01,112.2,2026-08-02,aug-2026
RS,G47_FOOD,2026-05-01,114.4,2026-08-02,aug-2026
RS,G47_FOOD,2026-06-01,112.9,2026-08-02,aug-2026
RS,G47_NFOOD_X_G473,2026-04-01,124.8,2026-08-02,aug-2026
RS,G47_NFOOD_X_G473,2026-05-01,126.9,2026-08-02,aug-2026
RS,G47_NFOOD_X_G473,2026-06-01,123.8,2026-08-02,aug-2026
SE,G47,2026-04-01,100.8,2026-08-02,aug-2026
SE,G47,2026-05-01,100.5,2026-08-02,aug-2026
SE,G47,2026-06-01,102,2026-08-02,aug-2026
SE,G474,2026-04-01,113.1,2026-08-02,aug-2026
SE,G474,2026-05-01,122.2,2026-08-02,aug-2026
SE,G474,2026-06-01,121.5,2026-08-02,aug-2026
SE,G475,2026-04-01,85,2026-08-02,aug-2026
SE,G475,2026-05-01,84.9,2026-08-02,aug-2026
SE,G475,2026-06-01,86.1,2026-08-02,aug-2026
SE,G476,2026-04-01,88.6,2026-08-02,aug-2026
SE,G476,2026-05-01,88.8,2026-08-02,aug-2026
SE,G476,2026-06-01,88.9,2026-08-02,aug-2026
SE,G477,2026-04-01,105.8,2026-08-02,aug-2026
SE,G477,2026-05-01,105.5,2026-08-02,aug-2026
SE,G477,2026-06-01,105.2,2026-08-02,aug-2026
SE,G47_NFOOD_X_G473,2026-04-01,101,2026-08-02,aug-2026
SE,G47_NFOOD_X_G473,2026-05-01,101.1,2026-08-02,aug-2026
SE,G47_NFOOD_X_G473,2026-06-01,102.5,2026-08-02,aug-2026
SI,G47,2026-04-01,103.2,2026-08-02,aug-2026
SI,G47,2026-05-01,103.3,2026-08-02,aug-2026
SI,G47,2026-06-01,103.1,2026-08-02,aug-2026
SI,G47_FOOD,2026-04-01,100.7,2026-08-02,aug-2026
SI,G47_FOOD,2026-05-01,100,2026-08-02,aug-2026
SI,G47_FOOD,2026-06-01,101.1,2026-08-02,aug-2026
SI,G47_NFOOD_X_G473,2026-04-01,106.3,2026-08-02,aug-2026
SI,G47_NFOOD_X_G473,2026-05-01,106.1,2026-08-02,aug-2026
SI,G47_NFOOD_X_G473,2026-06-01,106.1,2026-08-02,aug-2026
SK,G47,2026-04-01,102.8,2026-08-02,aug-2026
SK,G47,2026-05-01,102.8,2026-08-02,aug-2026
SK,G47_FOOD,2026-04-01,96.5,2026-08-02,aug-2026
SK,G47_FOOD,2026-05-01,96.2,2026-08-02,aug-2026
SK,G47_NFOOD_X_G473,2026-04-01,108.8,2026-08-02,aug-2026
SK,G47_NFOOD_X_G473,2026-05-01,108.3,2026-08-02,aug-2026
TR,G47,2026-03-01,204.7,2026-08-02,aug-2026
TR,G47,2026-04-01,201.4,2026-08-02,aug-2026
TR,G47,2026-05-01,206.2,2026-08-02,aug-2026
TR,G474,2026-03-01,341.5,2026-08-02,aug-2026
TR,G474,2026-04-01,345.5,2026-08-02,aug-2026
TR,G474,2026-05-01,356.5,2026-08-02,aug-2026
TR,G475,2026-03-01,173.3,2026-08-02,aug-2026
TR,G475,2026-04-01,173.7,2026-08-02,aug-2026
TR,G475,2026-05-01,176.3,2026-08-02,aug-2026
TR,G476,2026-03-01,218.4,2026-08-02,aug-2026
TR,G476,2026-04-01,220.9,2026-08-02,aug-2026
TR,G476,2026-05-01,222.3,2026-08-02,aug-2026
TR,G477,2026-03-01,283.9,2026-08-02,aug-2026
TR,G477,2026-04-01,270.1,2026-08-02,aug-2026
TR,G477,2026-05-01,279.3,2026-08-02,aug-2026
TR,G479,2026-03-01,262.5,2026-08-02,aug-2026
TR,G479,2026-04-01,265.4,2026-08-02,aug-2026
TR,G479,2026-05-01,268.2,2026-08-02,aug-2026
TR,G47_FOOD,2026-03-01,163.4,2026-08-02,aug-2026
TR,G47_FOOD,2026-04-01,164.2,2026-08-02,aug-2026
TR,G47_FOOD,2026-05-01,166.7,2026-08-02,aug-2026
TR,G47_NFOOD_X_G473,2026-03-01,256.2,2026-08-02,aug-2026
TR,G47_NFOOD_X_G473,2026-04-01,250.4,2026-08-02,aug-2026
TR,G47_NFOOD_X_G473,2026-05-01,257.6,2026-08-02,aug-2026
