method,category,horizon,n,mae,rmse,mae_pct,cov50,cov80,mean_w80,mean_is80,base_mae,base_rmse,skill_rmse
rw_v1,G47,1,97,1.687,3.029,1.409,0.454,0.753,4.29,9.358,1.543,2.718,-0.114
rw_v1,G47,2,66,2.186,3.739,1.809,0.379,0.727,5.234,10.439,1.782,2.952,-0.267
rw_v1,G47,3,40,1.825,2.65,1.596,0.5,0.8,5.897,10.033,1.728,2.373,-0.117
rw_v1,G47,4,33,2.105,2.793,1.79,0.455,0.758,6.946,9.613,1.755,2.306,-0.211
rw_v1,G47,5,4,1.929,2.147,1.447,1,1,10.767,10.767,2.1,2.596,0.173
rw_v1,G47,NA,240,1.909,3.142,1.603,0.45,0.758,5.29,9.826,1.678,2.677,-0.174
rw_v1,G474,1,58,4.838,8.424,3.6,0.414,0.655,11.84,26.271,4.75,8.001,-0.053
rw_v1,G474,2,41,6.714,10.593,5.04,0.39,0.585,14.111,40.471,6.412,9.838,-0.077
rw_v1,G474,3,26,5.812,9.76,4.697,0.5,0.769,16.472,35.652,6.162,10.543,0.074
rw_v1,G474,4,20,4.765,6.412,3.667,0.5,0.9,16.733,24.406,4.04,5.446,-0.177
rw_v1,G474,5,2,7.841,10.956,2.402,0.5,0.5,27.239,32.85,1,1.166,-8.394
rw_v1,G474,NA,147,5.564,9.131,4.189,0.435,0.687,14.168,31.726,5.316,8.716,-0.048
rw_v1,G475,1,58,1.703,2.948,1.59,0.603,0.81,5.946,9.138,1.697,2.896,-0.018
rw_v1,G475,2,41,2.054,3.455,1.897,0.61,0.805,8.074,10.498,1.937,3.151,-0.097
rw_v1,G475,3,26,2.086,3.118,2.06,0.538,0.923,9.048,10.271,2.369,3.431,0.091
rw_v1,G475,4,20,2.481,3.839,2.271,0.65,0.9,10.105,10.8,2.425,3.603,-0.065
rw_v1,G475,5,2,7.68,8.725,5.585,0,1,19.87,19.87,5.15,5.581,-0.563
rw_v1,G475,NA,147,2.056,3.394,1.906,0.592,0.844,7.843,10.09,2.029,3.217,-0.055
rw_v1,G476,1,58,1.647,2.363,1.479,0.655,0.966,9.743,10.048,1.607,2.283,-0.035
rw_v1,G476,2,41,2.385,3.17,2.222,0.634,0.878,12.726,14.223,2.361,3.223,0.017
rw_v1,G476,3,26,2.342,3.214,2.187,0.692,0.962,14.949,16.33,2.092,3.13,-0.027
rw_v1,G476,4,20,2.196,3.379,2.117,0.8,0.85,14.573,17.861,2.08,3.278,-0.031
rw_v1,G476,5,2,3.927,5.301,1.946,1,1,21.406,21.406,7.55,10.33,0.487
rw_v1,G476,NA,147,2.082,2.961,1.905,0.68,0.925,12.312,13.541,2.048,3.098,0.044
rw_v1,G477,1,55,2.073,3.385,1.565,0.545,0.855,6.095,10.328,2.249,3.766,0.101
rw_v1,G477,2,38,2.257,3.498,1.837,0.553,0.789,7.549,13.261,2.582,3.669,0.046
rw_v1,G477,3,23,2.791,4.051,2.225,0.391,0.826,8.908,14.662,3.026,4.423,0.084
rw_v1,G477,4,19,3.268,4.89,2.39,0.474,0.842,10.044,15.021,3.8,6.303,0.224
rw_v1,G477,5,2,5.01,5.312,2.784,0.5,1,16.26,16.26,11.7,14.062,0.622
rw_v1,G477,NA,137,2.453,3.805,1.883,0.511,0.832,7.667,12.607,2.825,4.594,0.172
rw_v1,G479,1,52,3.72,5.596,3.134,0.404,0.692,8.253,20.802,3.835,5.693,0.017
rw_v1,G479,2,36,2.853,3.754,2.344,0.444,0.806,10.215,13.117,3.283,4.305,0.128
rw_v1,G479,3,22,2.198,3.021,1.856,0.636,0.909,11.575,12.082,3.259,4.256,0.29
rw_v1,G479,4,18,4.583,6.423,3.956,0.444,0.833,14.506,23.264,4.961,7.275,0.117
rw_v1,G479,5,3,2.503,3.759,1.202,0.667,1,21.855,21.855,9.433,12.258,0.693
rw_v1,G479,NA,131,3.317,4.881,2.771,0.466,0.786,10.521,17.588,3.869,5.631,0.133
rw_v1,G47_FOOD,1,100,1.287,1.841,1.205,0.53,0.84,4.424,6.46,1.247,1.773,-0.038
rw_v1,G47_FOOD,2,67,1.477,2.291,1.36,0.552,0.866,5.228,7.274,1.454,2.168,-0.057
rw_v1,G47_FOOD,3,41,1.4,2,1.334,0.463,0.951,5.515,6.768,1.493,1.984,-0.008
rw_v1,G47_FOOD,4,34,1.275,1.807,1.225,0.618,0.912,6.304,6.727,1.379,1.837,0.016
rw_v1,G47_FOOD,5,4,3.592,4.611,3.149,0.5,0.75,9.87,14.483,2.975,4.017,-0.148
rw_v1,G47_FOOD,NA,246,1.394,2.066,1.303,0.537,0.874,5.173,6.9,1.391,1.986,-0.041
rw_v1,G47_NFOOD_X_G473,1,103,1.946,2.987,1.493,0.505,0.816,5.993,10.115,1.795,2.742,-0.089
rw_v1,G47_NFOOD_X_G473,2,69,2.451,4.044,1.885,0.551,0.797,7.513,13.412,2.177,3.246,-0.246
rw_v1,G47_NFOOD_X_G473,3,42,2.193,3.34,1.744,0.643,0.857,8.426,11.781,2.114,3.321,-0.006
rw_v1,G47_NFOOD_X_G473,4,35,2.976,4.397,2.309,0.486,0.829,9.649,13.608,2.56,3.81,-0.154
rw_v1,G47_NFOOD_X_G473,5,4,2.217,2.627,1.879,0.5,1,15.586,15.586,4.65,5.527,0.525
rw_v1,G47_NFOOD_X_G473,NA,253,2.271,3.568,1.761,0.538,0.822,7.469,11.86,2.103,3.203,-0.114
